{
    "MSE": 2.593601934078472,
    "RMSE": 1.610466371607452,
    "MAE": 1.2829318088878197,
    "R\u00b2": 0.9445892604394746
}