{
    "MSE": 2.59252687614023,
    "RMSE": 1.6101325647723017,
    "MAE": 1.3085759530636771,
    "R\u00b2": 0.8232702530215807
}