{
    "MSE": 4.861985416307036,
    "RMSE": 2.2049910240876347,
    "MAE": 1.6567181897567225,
    "R\u00b2": 0.7400176309500923
}