{
    "MSE": 21.799012619726092,
    "RMSE": 4.668941273964162,
    "MAE": 3.9636867163230582,
    "R\u00b2": 0.8677458077503968
}